,job_id,load_info_staleness,placement_info_staleness,req_inter_arrival_delay,workflow_type,scheduler_type,slowdown,response_time,num_activation_dags
0,0,80,0,5,0,centralheft,9.811324524766915,179.54723880323456,376
1,1,80,0,5,2,centralheft,70.18232198842207,807.0967028668539,376
2,2,80,0,5,3,centralheft,45.22594309561086,2039.6900336120498,376
3,3,80,0,5,0,centralheft,10.231337166990828,187.23347015593217,376
4,4,80,0,5,0,centralheft,10.709415164606309,195.98229751229547,376
5,5,80,0,5,3,centralheft,45.26524053831814,2041.462348278148,376
6,6,80,0,5,2,centralheft,70.45904901848257,810.2790637125496,376
7,7,80,0,5,0,centralheft,11.134137702310571,203.75471995228347,376
8,8,80,0,5,3,centralheft,44.092704261353546,1988.5809621870449,376
9,9,80,0,5,3,centralheft,44.17000627220401,1992.0672828764011,376
10,10,80,0,5,2,centralheft,71.3944687194131,821.0363902732506,376
11,11,80,0,5,2,centralheft,71.97396269777987,827.7005710244684,376
12,12,80,0,5,3,centralheft,44.293949824861095,1997.6571371012353,376
13,13,80,0,5,3,centralheft,44.57920910956426,2010.522330841348,376
14,14,80,0,5,3,centralheft,44.67374747642908,2014.7860111869513,376
15,15,80,0,5,2,centralheft,72.76747008010611,836.8259059212203,376
16,16,80,0,5,0,centralheft,11.233062289460596,205.5650398971289,376
17,17,80,0,5,0,centralheft,11.652928994387166,213.24860059728513,376
18,18,80,0,5,0,centralheft,12.143973443840032,222.23471402227258,376
19,19,80,0,5,2,centralheft,72.64923896149182,835.4662480571559,376
20,20,80,0,5,0,centralheft,12.348139902009796,225.9709602067793,376
21,21,80,0,5,0,centralheft,12.83170486541022,234.82019903700703,376
22,22,80,0,5,2,centralheft,73.59719946471554,846.3677938442288,376
23,23,80,0,5,2,centralheft,74.18215871626185,853.0948252370113,376
24,24,80,0,5,0,centralheft,13.164069010728758,240.9024628963363,376
25,25,80,0,5,0,centralheft,13.601375629078298,248.90517401213285,376
26,26,80,0,5,3,centralheft,44.402058968395686,2002.5328594746454,376
27,27,80,0,5,0,centralheft,13.823710110344695,252.97389501930795,376
28,28,80,0,5,3,centralheft,44.926313536246916,2026.176740484736,376
29,29,80,0,5,0,centralheft,14.286991913757836,261.4519520217684,376
30,30,80,0,5,2,centralheft,74.33867050435184,854.8947108000461,376
31,31,80,0,5,3,centralheft,44.862871698426716,2023.315513599045,376
32,32,80,0,5,3,centralheft,44.86386344871682,2023.3602415371288,376
33,33,80,0,5,0,centralheft,14.039698356574345,256.9264799253105,376
34,34,80,0,5,2,centralheft,73.95964789672827,850.5359508123751,376
35,35,80,0,5,0,centralheft,14.533508340466938,265.96320263054497,376
36,36,80,0,5,0,centralheft,15.03998867771097,275.23179280211076,376
37,37,80,0,5,2,centralheft,74.46498063819293,856.3472773392186,376
38,38,80,0,5,0,centralheft,15.451591932682806,282.7641323680954,376
39,39,80,0,5,2,centralheft,74.25118485915195,853.8886258802474,376
40,40,80,0,5,0,centralheft,15.884225691368918,290.6813301520512,376
41,41,80,0,5,0,centralheft,16.31324130881858,298.53231595138,376
42,42,80,0,5,2,centralheft,74.05952094631287,851.6844908825981,376
43,43,80,0,5,2,centralheft,73.99365218639086,850.9270001434949,376
44,44,80,0,5,0,centralheft,16.618594564772746,304.12028053534124,376
45,45,80,0,5,0,centralheft,17.11655197766583,313.23290119128467,376
46,46,80,0,5,3,centralheft,44.683216510882076,2015.2130646407816,376
47,47,80,0,5,2,centralheft,73.28926801431489,842.8265821646212,376
48,48,80,0,5,3,centralheft,42.989260438128056,1938.8156457595753,376
49,49,80,0,5,2,centralheft,72.75592196762486,836.6931026276859,376
50,50,80,0,5,3,centralheft,43.048499583495236,1941.487331215635,376
51,51,80,0,5,2,centralheft,72.11469826064942,829.3190299974683,376
52,52,80,0,5,3,centralheft,43.04225776623222,1941.2058252570732,376
53,53,80,0,5,3,centralheft,43.4429597545022,1959.277484928049,376
54,54,80,0,5,2,centralheft,71.9401683470619,827.3119359912118,376
55,55,80,0,5,3,centralheft,43.70765062474494,1971.215043175997,376
56,56,80,0,5,0,centralheft,16.451484671767655,301.0621694933481,376
57,57,80,0,5,2,centralheft,71.76933608046009,825.3473649252911,376
58,58,80,0,5,0,centralheft,16.693318180257815,305.487722698718,376
59,59,80,0,5,0,centralheft,17.17764266287653,314.3508607306405,376
60,60,80,0,5,3,centralheft,43.66464887486049,1969.275664256208,376
61,61,80,0,5,3,centralheft,44.18528219028333,1992.7562267817784,376
62,62,80,0,5,2,centralheft,114.64230627964608,1318.38652221593,376
63,63,80,0,5,0,centralheft,17.305950653839133,316.69889696525615,376
64,64,80,0,5,2,centralheft,79.08148835018424,909.4371160271188,376
65,65,80,0,5,2,centralheft,79.07046757888419,909.3103771571682,376
66,66,80,0,5,2,centralheft,80.82100347662684,929.4415399812087,376
67,67,80,0,5,2,centralheft,81.40729318041247,936.1838715747433,376
68,68,80,0,5,0,centralheft,13.469074717458648,246.48406732949326,376
69,69,80,0,5,2,centralheft,157.33094388152853,1809.305854637578,376
70,70,80,0,5,3,centralheft,43.91988418953817,1980.7867769481718,376
71,71,80,0,5,3,centralheft,44.09208609386375,1988.553082833255,376
72,72,80,0,5,0,centralheft,14.045458002394662,257.03188144382233,376
73,73,80,0,5,3,centralheft,44.135513812834624,1990.5116729588415,376
74,74,80,0,5,3,centralheft,44.22862863782906,1994.7111515660906,376
75,75,80,0,5,3,centralheft,44.31113325440333,1998.4321097735901,376
76,76,80,0,5,0,centralheft,14.431045667001609,264.08813570612944,376
77,77,80,0,5,2,centralheft,71.4605407444107,821.796218560723,376
78,78,80,0,5,0,centralheft,14.927358729700918,273.1706647535268,376
79,79,80,0,5,3,centralheft,57.82167093889546,2607.7573593441853,376
80,80,80,0,5,0,centralheft,15.253050275946668,279.130820049824,376
81,81,80,0,5,2,centralheft,71.76874955722772,825.3406199081188,376
82,82,80,0,5,3,centralheft,57.93086163712536,2612.681859834354,376
83,83,80,0,5,3,centralheft,57.99042585925193,2615.368206252262,376
84,84,80,0,5,3,centralheft,58.07949546455971,2619.385245451643,376
85,85,80,0,5,3,centralheft,58.15281178982142,2622.691811720946,376
86,86,80,0,5,3,centralheft,58.193049296168574,2624.506523257203,376
87,87,80,0,5,0,centralheft,15.573446917667008,284.99407859330626,376
88,88,80,0,5,0,centralheft,16.34203259821847,299.059196547398,376
89,89,80,0,5,2,centralheft,71.38447014449457,820.9214066616876,376
90,90,80,0,5,0,centralheft,20.939060969983913,383.18481575070564,376
91,91,80,0,5,0,centralheft,22.143660057886695,405.22897905932655,376
92,92,80,0,5,0,centralheft,23.633364868939804,432.49057710159843,376
93,93,80,0,5,2,centralheft,72.34974261366037,832.0220400570942,376
94,94,80,0,5,2,centralheft,72.7801844384945,836.9721210426867,376
95,95,80,0,5,3,centralheft,58.07649220394243,2619.2497983978037,376
96,96,80,0,5,3,centralheft,58.128379731773144,2621.589925902969,376
97,97,80,0,5,2,centralheft,72.8524944485463,837.8036861582824,376
98,98,80,0,5,2,centralheft,72.72655475507142,836.3553796833213,376
99,99,80,0,5,2,centralheft,72.42774637313062,832.919083291002,376
100,100,80,0,5,0,centralheft,24.12431538186572,441.4749714881427,376
101,101,80,0,5,2,centralheft,73.47229834700929,844.9314309906067,376
102,102,80,0,5,2,centralheft,74.65613118276339,858.545508601779,376
103,103,80,0,5,0,centralheft,25.305941153346307,463.09872310623746,376
104,104,80,0,5,0,centralheft,26.639678958584113,487.5061249420893,376
105,105,80,0,5,0,centralheft,27.395730574053953,501.34186950518733,376
106,106,80,0,5,2,centralheft,74.24739549972747,853.845048246866,376
107,107,80,0,5,0,centralheft,27.825614202193197,509.2087399001355,376
108,108,80,0,5,3,centralheft,57.866516110427085,2609.7798765802618,376
109,109,80,0,5,0,centralheft,28.269914597782794,517.3394371394252,376
110,110,80,0,5,3,centralheft,57.951157921847766,2613.5972222753344,376
111,111,80,0,5,0,centralheft,28.605359376615134,523.4780765920569,376
112,112,80,0,5,2,centralheft,74.40893421664514,855.7027434914191,376
113,113,80,0,5,0,centralheft,28.732712484199975,525.8086384608596,376
114,114,80,0,5,2,centralheft,74.20975039087806,853.4121294950976,376
115,115,80,0,5,0,centralheft,28.97847648755195,530.3061197222007,376
116,116,80,0,5,0,centralheft,29.471747209188123,539.3329739281427,376
117,117,80,0,5,2,centralheft,75.57382090081823,869.0989403594097,376
118,118,80,0,5,2,centralheft,76.00599033835415,874.0688888910727,376
119,119,80,0,5,2,centralheft,75.91641116156823,873.0387283580347,376
120,120,80,0,5,3,centralheft,49.041600850801636,2211.776198371154,376
121,121,80,0,5,3,centralheft,49.14174198743596,2216.2925636333616,376
122,122,80,0,5,0,centralheft,29.498073768137225,539.8147499569112,376
123,123,80,0,5,3,centralheft,49.16417762107791,2217.304410710614,376
124,124,80,0,5,2,centralheft,75.42447562493025,867.381469686698,376
125,125,80,0,5,0,centralheft,29.964848570722154,548.3567288442155,376
126,126,80,0,5,2,centralheft,75.21205879841673,864.9386761817924,376
127,127,80,0,5,2,centralheft,75.14790905344313,864.200954114596,376
128,128,80,0,5,2,centralheft,74.96672103866261,862.1172919446201,376
129,129,80,0,5,3,centralheft,49.1359944140305,2216.0333480727754,376
130,130,80,0,5,3,centralheft,49.204915991628994,2219.1417112224676,376
131,131,80,0,5,3,centralheft,49.18731480104762,2218.347897527248,376
132,132,80,0,5,0,centralheft,29.729781953835733,544.055009755194,376
133,133,80,0,5,2,centralheft,72.0407252138145,828.4683399588666,376
134,134,80,0,5,0,centralheft,30.027559997364015,549.5043479517615,376
135,135,80,0,5,0,centralheft,30.519984549146816,558.5157172493867,376
136,136,80,0,5,2,centralheft,71.92051780275452,827.085954731677,376
137,137,80,0,5,3,centralheft,49.10089749809428,2214.450477164052,376
138,138,80,0,5,3,centralheft,49.15698990277151,2216.980244614995,376
139,139,80,0,5,3,centralheft,49.21136156398973,2219.432406535937,376
140,140,80,0,5,0,centralheft,30.417491864667433,556.6401011234141,376
141,141,80,0,5,2,centralheft,72.7179202255161,836.2560825934352,376
142,142,80,0,5,3,centralheft,49.06123990666077,2212.6619197904006,376
143,143,80,0,5,3,centralheft,49.14369065891315,2216.380448716983,376
144,144,80,0,5,2,centralheft,70.60457508300837,811.9526134545962,376
145,145,80,0,5,2,centralheft,70.60073177622097,811.9084154265412,376
146,146,80,0,5,2,centralheft,70.55438529733577,811.3754309193614,376
147,147,80,0,5,0,centralheft,30.34067968723667,555.2344382764311,376
148,148,80,0,5,0,centralheft,30.858418912085906,564.7090660911721,376
149,149,80,0,5,3,centralheft,49.14230552066863,2216.317978982155,376
150,150,80,0,5,0,centralheft,31.329644098942683,573.3324870106511,376
151,151,80,0,5,2,centralheft,70.08101034634001,805.9316189829101,376
152,152,80,0,5,3,centralheft,49.15608624726076,2216.9394897514603,376
153,153,80,0,5,3,centralheft,49.22992772538626,2220.2697404149203,376
154,154,80,0,5,0,centralheft,31.527098938654483,576.945910577377,376
155,155,80,0,5,0,centralheft,31.972229059131855,585.091791782113,376
156,156,80,0,5,2,centralheft,66.71529598835295,767.225903866059,376
157,157,80,0,5,2,centralheft,66.85948128648216,768.884034794545,376
158,158,80,0,5,0,centralheft,32.11639366250186,587.730004023784,376
159,159,80,0,5,0,centralheft,32.60864583150502,596.738218716542,376
160,160,80,0,5,0,centralheft,33.00252115740474,603.9461371805069,376
161,161,80,0,5,2,centralheft,67.09441854492249,771.5858132666086,376
162,162,80,0,5,0,centralheft,33.44522601979206,612.0476361621947,376
163,163,80,0,5,3,centralheft,76.19338594991444,3436.321706341141,376
164,164,80,0,5,3,centralheft,76.21794966117953,3437.429529719197,376
165,165,80,0,5,0,centralheft,33.35613989650012,610.4173601059522,376
166,166,80,0,5,0,centralheft,33.81591724750415,618.831285629326,376
167,167,80,0,5,3,centralheft,76.22458426177359,3437.728750205989,376
168,168,80,0,5,3,centralheft,76.32385072728572,3442.2056678005856,376
169,169,80,0,5,2,centralheft,65.5240231509386,753.526266235794,376
170,170,80,0,5,3,centralheft,70.3963101374419,3174.87358719863,376
171,171,80,0,5,0,centralheft,33.9848347876501,621.9224766139969,376
172,172,80,0,5,0,centralheft,34.377652438880325,629.11103963151,376
173,173,80,0,5,0,centralheft,34.89252202484428,638.5331530546504,376
174,174,80,0,5,3,centralheft,75.52778879037561,3406.30327444594,376
175,175,80,0,5,2,centralheft,65.49827006508009,753.230105748421,376
176,176,80,0,5,0,centralheft,34.6915593315842,634.8555357679909,376
177,177,80,0,5,0,centralheft,35.115391006947,642.6116554271301,376
178,178,80,0,5,0,centralheft,35.50165004189271,649.6801957666366,376
179,179,80,0,5,0,centralheft,35.50035860678941,649.6565625042463,376
180,180,80,0,5,2,centralheft,66.0982700650801,760.1301057484211,376
181,181,80,0,5,2,centralheft,67.25399693579779,773.4209647616746,376
182,182,80,0,5,0,centralheft,35.69412210466976,653.2024345154566,376
183,183,80,0,5,2,centralheft,67.43915749426834,775.550311184086,376
184,184,80,0,5,0,centralheft,36.1720126547675,661.9478315822453,376
185,185,80,0,5,2,centralheft,67.72172474427639,778.7998345591785,376
186,186,80,0,5,2,centralheft,67.73492724499219,778.9516633174103,376
187,187,80,0,5,0,centralheft,36.117747999603345,660.9547883927412,376
188,188,80,0,5,0,centralheft,36.515154463451715,668.2273266811665,376
189,189,80,0,5,2,centralheft,67.80801961185111,779.7922255362878,376
190,190,80,0,5,0,centralheft,10.868868329369436,198.90029042746067,376
191,191,80,0,5,2,centralheft,67.53082393908245,776.6044752994483,376
192,192,80,0,5,2,centralheft,68.27459825434865,785.1578799250094,376
193,193,80,0,5,0,centralheft,10.720066154004236,196.1772106182775,376
194,194,80,0,5,0,centralheft,11.110520583313646,203.32252667463973,376
195,195,80,0,5,2,centralheft,68.18406804784682,784.1167825502384,376
196,196,80,0,5,0,centralheft,11.393740794622543,208.50545654159254,376
197,197,80,0,5,2,centralheft,69.23744602162313,796.230629248666,376
198,198,80,0,5,2,centralheft,69.82415251636162,802.9777539381587,376
199,199,80,0,5,2,centralheft,71.00777708189085,816.5894364417449,376
200,200,80,0,5,0,centralheft,11.66870458420009,213.53729389086163,376
201,201,80,0,5,2,centralheft,70.85605909513515,814.8446795940542,376
202,202,80,0,5,0,centralheft,11.786287114132948,215.68905418863295,376
203,203,80,0,5,2,centralheft,70.51801107657221,810.9571273805805,376
204,204,80,0,5,2,centralheft,70.20240624212423,807.3276717844286,376
205,205,80,0,5,0,centralheft,11.951598435740411,218.71425137404952,376
206,206,80,0,5,0,centralheft,12.384425904200482,226.63499404686883,376
207,207,80,0,5,0,centralheft,12.881227770707678,235.7264682039505,376
208,208,80,0,5,0,centralheft,13.39333771345591,245.09808015624316,376
209,209,80,0,5,2,centralheft,69.51316538137088,799.4014018857652,376
210,210,80,0,5,2,centralheft,68.99566854102333,793.4501882217684,376
211,211,80,0,5,2,centralheft,68.92187691425252,792.6015845139041,376
212,212,80,0,5,2,centralheft,80.88825691047968,930.2149544705164,376
213,213,80,0,5,0,centralheft,13.01427216065028,238.16118053990016,376
214,214,80,0,5,2,centralheft,81.3458167968323,935.4768931635714,376
215,215,80,0,5,2,centralheft,100.27385604023449,1153.1493444626967,376
216,216,80,0,5,2,centralheft,100.08271946226792,1150.951273816081,376
217,217,80,0,5,0,centralheft,12.686921477984624,232.17066304711864,376
218,218,80,0,5,2,centralheft,100.69322354413717,1157.9720707575775,376
219,219,80,0,5,0,centralheft,13.030422954920994,238.4567400750542,376
220,220,80,0,5,2,centralheft,66.364111371618,763.187280773607,376
221,221,80,0,5,0,centralheft,13.497582869456451,247.00576651105308,376
222,222,80,0,5,2,centralheft,67.31693783626916,774.1447851170954,376
223,223,80,0,5,0,centralheft,13.74126742245074,251.46519383084853,376
224,224,80,0,5,2,centralheft,67.48966609940712,776.1311601431819,376
225,225,80,0,5,2,centralheft,68.61251267820394,789.0438957993454,376
226,226,80,0,5,0,centralheft,13.966684153583252,255.59032001057352,376
227,227,80,0,5,2,centralheft,68.76555870120009,790.803925063801,376
228,228,80,0,5,2,centralheft,69.75212361762448,802.1494216026815,376
229,229,80,0,5,2,centralheft,70.08579493325445,805.9866417324262,376
230,230,80,0,5,3,centralheft,44.07997675177968,1988.0069515052637,376
231,231,80,0,5,0,centralheft,13.716067908941955,251.0040427336378,376
232,232,80,0,5,0,centralheft,14.175659094477352,259.41456142893554,376
233,233,80,0,5,0,centralheft,14.675144297946435,268.55514065241977,376
234,234,80,0,5,0,centralheft,15.16524666530118,277.5240139750116,376
235,235,80,0,5,0,centralheft,15.679347788840188,286.93206453577545,376
236,236,80,0,5,0,centralheft,16.171368277458836,295.9360394774967,376
237,237,80,0,5,0,centralheft,16.376593722109885,299.6916651146109,376
238,238,80,0,5,2,centralheft,70.05200052184881,805.5980060012613,376
239,239,80,0,5,0,centralheft,16.875541911468783,308.82241697987877,376
240,240,80,0,5,3,centralheft,43.920600234732014,1980.819070586414,376
241,241,80,0,5,3,centralheft,44.01998526763881,1985.3013355705102,376
242,242,80,0,5,2,centralheft,74.91915047405963,861.5702304516858,376
243,243,80,0,5,2,centralheft,80.43079068995551,924.9540929344884,376
244,244,80,0,5,2,centralheft,85.7762906378559,986.4273423353427,376
245,245,80,0,5,3,centralheft,43.9352257880173,1981.4786830395803,376
246,246,80,0,5,0,centralheft,16.885507474283735,309.00478677939236,376
247,247,80,0,5,2,centralheft,92.45863960471965,1063.274355454276,376
248,248,80,0,5,2,centralheft,96.09736401241237,1105.1196861427422,376
249,249,80,0,5,2,centralheft,103.5778277967426,1191.1450196625399,376
250,250,80,0,5,0,centralheft,16.960098784121445,310.3698077494225,376
251,251,80,0,5,2,centralheft,147.78032322104488,1699.473717042016,376
252,252,80,0,5,3,centralheft,43.804470154526506,1975.5816039691456,376
253,253,80,0,5,3,centralheft,43.8548865722691,1977.8553844093367,376
254,254,80,0,5,2,centralheft,153.6882887192394,1767.4153202712532,376
255,255,80,0,5,2,centralheft,153.5072740797043,1765.3336519165996,376
256,256,80,0,5,3,centralheft,43.79081179362791,1974.9656118926187,376
257,257,80,0,5,3,centralheft,43.83068367728177,1976.7638338454078,376
258,258,80,0,5,2,centralheft,152.65751792441463,1755.5614561307682,376
259,259,80,0,5,3,centralheft,43.7786011144774,1974.4149102629306,376
260,260,80,0,5,0,centralheft,6.215083302043422,113.73602442739463,376
261,261,80,0,5,2,centralheft,152.0469818431733,1748.5402911964932,376
262,262,80,0,5,3,centralheft,43.80258032847331,1975.4963728141465,376
263,263,80,0,5,2,centralheft,162.2400088037374,1865.76010124298,376
264,264,80,0,5,2,centralheft,162.3910573019721,1867.497158972679,376
265,265,80,0,5,2,centralheft,162.7517108643133,1871.644674939603,376
266,266,80,0,5,0,centralheft,15.728312596235227,287.82812051110466,376
267,267,80,0,5,0,centralheft,16.221283740894116,296.8494924583623,376
268,268,80,0,5,3,centralheft,43.65415565945492,1968.802420241417,376
269,269,80,0,5,2,centralheft,162.09192508302525,1864.0571384547904,376
270,270,80,0,5,3,centralheft,71.43740491186945,3221.826961525312,376
271,271,80,0,5,3,centralheft,71.47343432831924,3223.451888207198,376
272,272,80,0,5,2,centralheft,161.65765113502937,1859.0629880528377,376
273,273,80,0,5,3,centralheft,71.5369573018507,3226.316774313467,376
274,274,80,0,5,2,centralheft,161.84978751131177,1861.2725563800855,376
275,275,80,0,5,0,centralheft,15.9215645105148,291.36463054242085,376
276,276,80,0,5,3,centralheft,68.38473864477649,3084.15171287942,376
277,277,80,0,5,3,centralheft,68.47613144449485,3088.273528146718,376
278,278,80,0,5,2,centralheft,161.60829278363218,1858.49536701177,376
279,279,80,0,5,2,centralheft,161.58269204169792,1858.2009584795262,376
280,280,80,0,5,3,centralheft,68.50251175529603,3089.463280163851,376
281,281,80,0,5,0,centralheft,16.012221500618313,293.0236534613151,376
282,282,80,0,5,3,centralheft,69.47290348832196,3133.2279473233207,376
283,283,80,0,5,2,centralheft,161.23614364356948,1854.2156519010491,376
284,284,80,0,5,2,centralheft,161.8996620546381,1861.8461136283381,376
285,285,80,0,5,2,centralheft,68.57561202806534,788.6195383227514,376
286,286,80,0,5,2,centralheft,69.14311372827152,795.1458078751225,376
287,287,80,0,5,0,centralheft,15.93391039017547,291.5905601402111,376
288,288,80,0,5,0,centralheft,16.428813704990276,300.6472908013221,376
289,289,80,0,5,0,centralheft,16.819841687899487,307.8031028885606,376
290,290,80,0,5,0,centralheft,17.212449540228636,314.98782658618404,376
291,291,80,0,5,3,centralheft,55.61080225941667,2508.047181899692,376
292,292,80,0,5,2,centralheft,160.69825439242837,1848.0299255129262,376
293,293,80,0,5,0,centralheft,5.391321896089841,98.6611906984441,376
294,294,80,0,5,3,centralheft,58.84223606180011,2653.784846387185,376
295,295,80,0,5,0,centralheft,5.52796145070286,101.16169454786234,376
296,296,80,0,5,0,centralheft,6.023263638217081,110.22572457937258,376
297,297,80,0,5,3,centralheft,58.98502752525696,2660.224741389089,376
298,298,80,0,5,3,centralheft,59.025822078992555,2662.0645757625643,376
299,299,80,0,5,2,centralheft,70.07888430892179,805.9071695526005,376
300,300,80,0,5,2,centralheft,71.27409361786417,819.652076605438,376
301,301,80,0,5,0,centralheft,6.132213763775924,112.21951187709942,376
302,302,80,0,5,0,centralheft,7.154631678785233,130.92975972176976,376
303,303,80,0,5,0,centralheft,8.158322663503489,149.29730474211385,376
304,304,80,0,5,0,centralheft,9.162413856944072,167.67217358207654,376
305,305,80,0,5,2,centralheft,70.99933084848028,816.4923047575232,376
306,306,80,0,5,2,centralheft,66.4768152371285,764.4833752269778,376
307,307,80,0,5,0,centralheft,6.192305190934106,113.31918499409414,376
308,308,80,0,5,3,centralheft,25.968642292697925,1171.1857674006765,376
309,309,80,0,5,2,centralheft,80.33757411474289,923.8821023195433,376
310,310,80,0,5,0,centralheft,9.734253508578762,178.13683920699134,376
311,311,80,0,5,2,centralheft,80.22771234616381,922.6186919808839,376
312,312,80,0,5,2,centralheft,80.2225693268773,922.5595472590891,376
313,313,80,0,5,3,centralheft,25.998630924829826,1172.5382547098252,376
314,314,80,0,5,3,centralheft,26.248728596823344,1183.8176597167328,376
315,315,80,0,5,0,centralheft,6.236201566979879,114.1224886757318,376
316,316,80,0,5,2,centralheft,78.69990544736449,905.0489126446917,376
317,317,80,0,5,3,centralheft,31.114731553651907,1403.274393069701,376
318,318,80,0,5,3,centralheft,46.67870621685745,2105.209650380271,376
319,319,80,0,5,3,centralheft,56.58221276247475,2551.8577955876112,376
320,320,80,0,5,3,centralheft,56.89065778888209,2565.7686662785823,376
321,321,80,0,5,3,centralheft,58.76814597868476,2650.4433836386825,376
322,322,80,0,5,2,centralheft,163.43911590768917,1879.5498329384254,376
323,323,80,0,5,3,centralheft,60.5344001037252,2730.1014446780064,376
324,324,80,0,5,0,centralheft,5.920128176836154,108.33834563610162,376
325,325,80,0,5,0,centralheft,6.792211438595818,124.29746932630349,376
326,326,80,0,5,3,centralheft,65.53953065476826,2955.8328325300486,376
327,327,80,0,5,3,centralheft,65.762545714476,2965.890811722868,376
328,328,80,0,5,0,centralheft,7.566000228557845,138.45780418260858,376
329,329,80,0,5,3,centralheft,65.81620940243424,2968.3110440497844,376
330,330,80,0,5,2,centralheft,265.1204522599964,3048.885200989959,376
331,331,80,0,5,0,centralheft,7.845715062982258,143.57658565257532,376
332,332,80,0,5,0,centralheft,8.15498325030136,149.23619348051488,376
333,333,80,0,5,0,centralheft,8.214844679949447,150.3316576430749,376
334,334,80,0,5,3,centralheft,65.51189009838517,2954.586243437171,376
335,335,80,0,5,2,centralheft,84.97706224423081,977.2362158086543,376
336,336,80,0,5,0,centralheft,8.261567491051284,151.18668508623853,376
337,337,80,0,5,2,centralheft,144.6555039733179,1663.5382956931558,376
338,338,80,0,5,0,centralheft,8.521019944714842,155.9346649882816,376
339,339,80,0,5,3,centralheft,55.49729832847519,2502.928154614231,376
340,340,80,0,5,0,centralheft,8.490858092243007,155.38270308804704,376
341,341,80,0,5,0,centralheft,8.96544565783468,164.06765553837465,376
342,342,80,0,5,2,centralheft,146.3343655552539,1682.8452038854198,376
343,343,80,0,5,0,centralheft,9.238198627721092,169.05903488729598,376
344,344,80,0,5,0,centralheft,9.25945817786594,169.44808465494668,376
345,345,80,0,5,3,centralheft,34.09122983829791,1537.5144657072358,376
346,346,80,0,5,0,centralheft,9.632180872858468,176.26890997330997,376
347,347,80,0,5,3,centralheft,34.15781643562052,1540.5175212464856,376
348,348,80,0,5,2,centralheft,65.49827006508009,753.230105748421,376
349,349,80,0,5,0,centralheft,9.693350971424062,177.38832277706035,376
350,350,80,0,5,0,centralheft,9.990987148297998,182.83506481385336,376
351,351,80,0,5,0,centralheft,6.189356248479393,113.26521934717289,376
352,352,80,0,5,0,centralheft,6.544868044271777,119.77108521017351,376
353,353,80,0,5,2,centralheft,66.0982700650801,760.1301057484211,376
354,354,80,0,5,2,centralheft,67.18557279315903,772.6340871213288,376
355,355,80,0,5,0,centralheft,6.809390529903305,124.61184669723048,376
356,356,80,0,5,2,centralheft,67.30147299351849,773.9669394254626,376
357,357,80,0,5,0,centralheft,7.0654915040172215,129.29849452351516,376
358,358,80,0,5,0,centralheft,7.551683000902885,138.1957989165228,376
359,359,80,0,5,2,centralheft,67.7088554012154,778.6518371139771,376
360,360,80,0,5,3,centralheft,52.50216418676917,2367.8476048232897,376
361,361,80,0,5,2,centralheft,78.51263776788547,902.8953343306828,376
362,362,80,0,5,0,centralheft,7.766589754039745,142.12859249892733,376
363,363,80,0,5,3,centralheft,60.6342813845037,2734.606090441117,376
364,364,80,0,5,0,centralheft,6.459826333542079,118.21482190382005,376
365,365,80,0,5,0,centralheft,6.837791548299424,125.13158533387946,376
366,366,80,0,5,0,centralheft,7.3489377173070505,134.48556022671903,376
367,367,80,0,5,2,centralheft,78.28160728470786,900.2384837741404,376
368,368,80,0,5,0,centralheft,7.532801801279012,137.85027296340593,376
369,369,80,0,5,0,centralheft,8.047924348747411,147.27701558207764,376
370,370,80,0,5,3,centralheft,65.65200898966587,2960.905605433931,376
371,371,80,0,5,2,centralheft,78.35236148131749,901.052157035151,376
372,372,80,0,5,0,centralheft,8.449102692595753,154.61857927450228,376
373,373,80,0,5,3,centralheft,65.69879592230876,2963.0156960961253,376
374,374,80,0,5,2,centralheft,113.172118241221,1301.4793597740415,376
375,375,80,0,5,2,centralheft,112.85858562031999,1297.8737346336798,376
376,376,80,0,5,2,centralheft,112.43567671799255,1293.0102822569143,376
377,377,80,0,5,0,centralheft,8.327501183584427,152.39327165959503,376
378,378,80,0,5,0,centralheft,8.661516817192203,158.50575775461732,376
379,379,80,0,5,0,centralheft,9.01272256381223,164.93282291776381,376
380,380,80,0,5,0,centralheft,6.182533686034272,113.14036645442718,376
381,381,80,0,5,0,centralheft,6.592747884913918,120.64728629392471,376
382,382,80,0,5,2,centralheft,111.13750697217746,1278.0813301800408,376
383,383,80,0,5,2,centralheft,111.10337857870954,1277.6888536551596,376
384,384,80,0,5,2,centralheft,111.04356326579111,1277.0009775565977,376
385,385,80,0,5,2,centralheft,122.07388325289709,1403.8496574083165,376
386,386,80,0,5,2,centralheft,122.5519935324473,1409.347925623144,376
387,387,80,0,5,0,centralheft,6.83769699038997,125.12985492413645,376
388,388,80,0,5,2,centralheft,124.67210687340608,1433.7292290441699,376
389,389,80,0,5,2,centralheft,126.69733246399451,1457.0193233359369,376
390,390,80,0,5,2,centralheft,128.91962441307572,1482.5756807503708,376
391,391,80,0,5,2,centralheft,130.56608050829524,1501.5099258453952,376
392,392,80,0,5,2,centralheft,130.54811215493976,1501.3032897818073,376
393,393,80,0,5,2,centralheft,130.4678307009982,1500.3800530614794,376
394,394,80,0,5,2,centralheft,130.38330382383162,1499.4079939740636,376
395,395,80,0,5,2,centralheft,130.3430925595445,1498.9455644347618,376
396,396,80,0,5,0,centralheft,8.342895316857627,152.67498429849456,376
397,397,80,0,5,2,centralheft,130.0747319754726,1495.8594177179348,376
398,398,80,0,5,2,centralheft,129.6450825448781,1490.9184492660984,376
399,399,80,0,5,0,centralheft,8.541677438712123,156.31269712843186,376
400,400,80,0,5,0,centralheft,9.043583769979838,165.49758299063103,376
401,401,80,0,5,0,centralheft,9.474136545081297,173.37669877498774,376
402,402,80,0,5,0,centralheft,9.54491928190462,174.67202285885458,376
403,403,80,0,5,3,centralheft,54.821590585657425,2472.45373541315,376
404,404,80,0,5,2,centralheft,97.91739310436958,1126.0500207002501,376
405,405,80,0,5,3,centralheft,54.27831868288578,2447.952172598149,376
406,406,80,0,5,3,centralheft,54.562423677085164,2460.765307836541,376
407,407,80,0,5,0,centralheft,5.850110037626335,107.05701368856194,376
408,408,80,0,5,2,centralheft,98.81283175253441,1136.3475651541457,376
409,409,80,0,5,3,centralheft,54.63216462809599,2463.9106247271293,376
410,410,80,0,5,3,centralheft,54.75669022541212,2469.5267291660866,376
411,411,80,0,5,0,centralheft,9.459538487091896,173.1095543137817,376
412,412,80,0,5,3,centralheft,54.774480746215545,2470.3290816543213,376
413,413,80,0,5,3,centralheft,54.84568996980084,2473.540617638018,376
414,414,80,0,5,0,centralheft,34.034976477706664,622.840069542032,376
415,415,80,0,5,0,centralheft,34.48952376305539,631.1582848639137,376
416,416,80,0,5,2,centralheft,98.41484620717327,1131.7707313824926,376
417,417,80,0,5,3,centralheft,54.895172787450235,2475.7722927140057,376
418,418,80,0,5,0,centralheft,34.90024801709036,638.6745387127537,376
419,419,80,0,5,3,centralheft,54.897345867951394,2475.870298644608,376
420,420,80,0,5,3,centralheft,54.92284072140495,2477.0201165353633,376
421,421,80,0,5,0,centralheft,34.99404336343523,640.3909935508648,376
422,422,80,0,5,2,centralheft,99.19237668545892,1140.7123318827776,376
423,423,80,0,5,2,centralheft,100.85494856948965,1159.831908549131,376
424,424,80,0,5,3,centralheft,54.926840382394815,2477.2005012460063,376
425,425,80,0,5,2,centralheft,101.29261718676717,1164.8650976478225,376
426,426,80,0,5,3,centralheft,54.97882321770805,2479.544927118633,376
427,427,80,0,5,0,centralheft,35.13933936102857,643.0499103068228,376
428,428,80,0,5,3,centralheft,55.03201537295729,2481.9438933203737,376
429,429,80,0,5,2,centralheft,100.84138909475764,1159.675974589713,376
430,430,80,0,5,2,centralheft,100.7948921362251,1159.1412595665886,376
431,431,80,0,5,2,centralheft,102.2114543756185,1175.4317253196127,376
432,432,80,0,5,3,centralheft,55.03081437423587,2481.8897282780376,376
433,433,80,0,5,2,centralheft,103.83489274715996,1194.1012665923395,376
434,434,80,0,5,3,centralheft,55.11170102238854,2485.537716109723,376
435,435,80,0,5,3,centralheft,55.13127836716539,2486.4206543591595,376
436,436,80,0,5,3,centralheft,55.22010016919451,2490.4265176306726,376
437,437,80,0,5,3,centralheft,63.93370135658971,2883.409931182196,376
438,438,80,0,5,2,centralheft,104.02169646483131,1196.24950934556,376
439,439,80,0,5,0,centralheft,36.6294498057909,670.3189314459735,376
440,440,80,0,5,2,centralheft,162.76102313149516,1871.7517660121944,376
441,441,80,0,5,2,centralheft,187.61942844430186,2157.6234271094713,376
442,442,80,0,5,2,centralheft,187.5381242996121,2156.688429445539,376
443,443,80,0,5,0,centralheft,12.024934867039894,220.05630806683007,376
444,444,80,0,5,3,centralheft,55.72201204866632,2513.062743394851,376
445,445,80,0,5,0,centralheft,14.070385571437509,257.4880559573064,376
446,446,80,0,5,2,centralheft,187.62327230018522,2157.66763145213,376
447,447,80,0,5,0,centralheft,3.3500455307250645,61.30583321226868,376
448,448,80,0,5,0,centralheft,3.7623166200367515,68.85039414667256,376
449,449,80,0,5,3,centralheft,55.64563177220573,2509.6179929264786,376
450,450,80,0,5,3,centralheft,55.703326244964735,2512.2200136479096,376
451,451,80,0,5,0,centralheft,64.86167142914834,1186.9685871534148,376
452,452,80,0,5,2,centralheft,189.80604717191912,2182.76954247707,376
453,453,80,0,5,0,centralheft,3.994817076025479,73.10515249126627,376
454,454,80,0,5,0,centralheft,4.468132717344965,81.76682872741287,376
455,455,80,0,5,3,centralheft,55.70075422085949,2512.104015360763,376
456,456,80,0,5,2,centralheft,200.35319689677544,2304.0617643129176,376
457,457,80,0,5,2,centralheft,200.32490461035258,2303.7364030190547,376
458,458,80,0,5,0,centralheft,4.779458605834291,87.46409248676753,376
459,459,80,0,5,2,centralheft,155.07275118906492,1783.3366386742464,376
460,460,80,0,5,2,centralheft,175.48094769182228,2018.0308984559563,376
461,461,80,0,5,0,centralheft,4.845013082946339,88.66373941791801,376
462,462,80,0,5,0,centralheft,5.18986099440938,94.97445619769167,376
463,463,80,0,5,2,centralheft,198.64607884267306,2284.42990669074,376
464,464,80,0,5,0,centralheft,5.591761731648732,102.3292396891718,376
465,465,80,0,5,2,centralheft,80.60835483183887,926.9960805661469,376
466,466,80,0,5,2,centralheft,81.15082068321448,933.2344378569665,376
467,467,80,0,5,3,centralheft,53.99875120847754,2435.343679502337,376
468,468,80,0,5,3,centralheft,54.078623069929776,2438.945900453833,376
469,469,80,0,5,3,centralheft,54.46349997486631,2456.3038488664706,376
470,470,80,0,5,2,centralheft,85.43590963970996,982.5129608566646,376
471,471,80,0,5,0,centralheft,5.1947190023001815,95.06335774209333,376
472,472,80,0,5,2,centralheft,88.06476740310184,1012.7448251356711,376
473,473,80,0,5,2,centralheft,141.5409885233912,1627.7213680189989,376
474,474,80,0,5,3,centralheft,54.41593975832654,2454.158883100527,376
475,475,80,0,5,3,centralheft,54.492970825614,2457.6329842351915,376
476,476,80,0,5,3,centralheft,57.624875729881886,2598.881895417673,376
477,477,80,0,5,0,centralheft,5.209998471884475,95.3429720354859,376
478,478,80,0,5,2,centralheft,211.92981810268643,2437.192908180894,376
479,479,80,0,5,2,centralheft,212.13674792804377,2439.5726011725033,376
480,480,80,0,5,0,centralheft,5.526835642281731,101.14109225375569,376
481,481,80,0,5,2,centralheft,211.92026412382748,2437.083037424016,376
482,482,80,0,5,2,centralheft,211.71473387781975,2434.7194395949273,376
483,483,80,0,5,2,centralheft,211.55897506241513,2432.928213217774,376
484,484,80,0,5,0,centralheft,5.5825507617221515,102.16067893951538,376
485,485,80,0,5,0,centralheft,6.029479031941535,110.33946628453009,376
486,486,80,0,5,0,centralheft,6.416273637854452,117.41780757273648,376
487,487,80,0,5,2,centralheft,210.96055014374693,2426.0463266530896,376
488,488,80,0,5,2,centralheft,210.53515914206977,2421.1543301338024,376
489,489,80,0,5,2,centralheft,93.56625066612942,1076.0118826604883,376
490,490,80,0,5,0,centralheft,6.287996149135976,115.07032952918837,376
491,491,80,0,5,0,centralheft,6.598812034914928,120.7582602389432,376
492,492,80,0,5,2,centralheft,190.02887907444276,2185.3321093560917,376
493,493,80,0,5,2,centralheft,194.0352835881172,2231.405761263348,376
494,494,80,0,5,2,centralheft,194.02062813600512,2231.2372235640587,376
495,495,80,0,5,2,centralheft,193.6539700680111,2227.0206557821275,376
496,496,80,0,5,0,centralheft,13.428608969360242,245.74354413929245,376
497,497,80,0,5,2,centralheft,198.27492119382745,2280.1615937290157,376
498,498,80,0,5,0,centralheft,16.974563077682372,310.6345043215874,376
499,499,80,0,5,2,centralheft,203.7355442998462,2342.9587594482314,376
500,500,80,0,5,0,centralheft,19.171177005976155,350.83253920936363,376
501,501,80,0,5,2,centralheft,203.17874295304406,2336.5555439600066,376
502,502,80,0,5,0,centralheft,3.243115546648273,59.3490145036634,376
503,503,80,0,5,0,centralheft,22.76047212312066,416.51663985310813,376
504,504,80,0,5,0,centralheft,3.6282289417914595,66.39658963478371,376
505,505,80,0,5,2,centralheft,202.83871290904597,2332.6451984540286,376
506,506,80,0,5,2,centralheft,204.87158695422903,2356.023249973634,376
507,507,80,0,5,0,centralheft,3.494109778041827,63.942208938165436,376
508,508,80,0,5,2,centralheft,208.38500890395625,2396.4276023954967,376
509,509,80,0,5,2,centralheft,75.59214371770133,869.3096527535653,376
510,510,80,0,5,2,centralheft,78.52053045286475,902.9861002079446,376
511,511,80,0,5,0,centralheft,3.2782659155578795,59.99226625470919,376
512,512,80,0,5,2,centralheft,79.54752951814622,914.7965894586815,376
513,513,80,0,5,0,centralheft,3.5424132223791887,64.82616196953916,376
514,514,80,0,5,2,centralheft,86.01564320092102,989.1798968105917,376
515,515,80,0,5,0,centralheft,6.9623620274482,127.41122510230207,376
516,516,80,0,5,2,centralheft,86.62202663099994,996.1533062564994,376
517,517,80,0,5,2,centralheft,96.13907390258154,1105.5993498796877,376
518,518,80,0,5,2,centralheft,99.93285051700367,1149.2277809455422,376
519,519,80,0,5,2,centralheft,125.972517976391,1448.6839567284965,376
520,520,80,0,5,2,centralheft,131.53589067897084,1512.6627428081647,376
521,521,80,0,5,0,centralheft,3.1593694249095887,57.816460475845474,376
522,522,80,0,5,2,centralheft,139.70749333262728,1606.6361733252138,376
523,523,80,0,5,0,centralheft,3.539757923583171,64.77757000157203,376
524,524,80,0,5,0,centralheft,3.9427149971102784,72.1516844471181,376
525,525,80,0,5,0,centralheft,4.09640107589018,74.96413968879028,376
526,526,80,0,5,0,centralheft,4.467199923907662,81.74975860751022,376
527,527,80,0,5,2,centralheft,144.1755257342999,1658.0185459444488,376
528,528,80,0,5,0,centralheft,9.399115901959041,172.00382100585045,376
529,529,80,0,5,0,centralheft,11.346334223044918,207.63791628172203,376
530,530,80,0,5,2,centralheft,152.0885732245095,1749.0185920818594,376
531,531,80,0,5,0,centralheft,14.74096283582171,269.7596198955373,376
532,532,80,0,5,0,centralheft,30.51725965091639,558.46585161177,376
533,533,80,0,5,2,centralheft,169.12092180178232,1944.8906007204966,376
534,534,80,0,5,2,centralheft,169.10490687053985,1944.7064290112082,376
535,535,80,0,5,2,centralheft,168.8273478299766,1941.5145000447308,376
536,536,80,0,5,2,centralheft,168.7979708994639,1941.1766653438349,376
537,537,80,0,5,2,centralheft,168.1485784674646,1933.708652375843,376
538,538,80,0,5,2,centralheft,168.07540324713375,1932.8671373420382,376
539,539,80,0,5,2,centralheft,167.9882706009561,1931.865111910995,376
540,540,80,0,5,0,centralheft,24.70741283468027,452.1456548746489,376
541,541,80,0,5,0,centralheft,28.77415289869866,526.5669980461855,376
542,542,80,0,5,0,centralheft,33.3027076616475,609.4395502081493,376
543,543,80,0,5,0,centralheft,35.8913103532506,656.8109794644861,376
544,544,80,0,5,0,centralheft,36.88317275672069,674.9620614479886,376
545,545,80,0,5,0,centralheft,37.05839590976631,678.1686451487235,376
546,546,80,0,5,0,centralheft,37.572082417609984,687.5691082422627,376
547,547,80,0,5,2,centralheft,73.29221729166328,842.8604988541276,376
548,548,80,0,5,0,centralheft,38.06117092618885,696.5194279492559,376
549,549,80,0,5,2,centralheft,74.80687915711901,860.2791103068687,376
550,550,80,0,5,2,centralheft,75.6887710605064,870.4208671958236,376
551,551,80,0,5,2,centralheft,76.84340582855647,883.6991670283994,376
552,552,80,0,5,0,centralheft,38.527782637242304,705.0584222615341,376
553,553,80,0,5,2,centralheft,76.88658199677516,884.1956929629143,376
554,554,80,0,5,3,centralheft,37.403182617671824,1686.8835360569992,376
555,555,80,0,5,0,centralheft,40.043287828505804,732.7921672616562,376
556,556,80,0,5,2,centralheft,88.95931025584512,1023.0320679422189,376
557,557,80,0,5,0,centralheft,41.97961288854956,768.226915860457,376
558,558,80,0,5,0,centralheft,94.71666642892843,1733.3149956493903,376
559,559,80,0,5,2,centralheft,90.37914993899976,1039.3602242984973,376
560,560,80,0,5,2,centralheft,95.45755397083055,1097.7618706645512,376
561,561,80,0,5,2,centralheft,96.52715125250566,1110.062239403815,376
562,562,80,0,5,2,centralheft,97.97187307506717,1126.6765403632724,376
563,563,80,0,5,0,centralheft,94.77123038985206,1734.313516134293,376
564,564,80,0,5,2,centralheft,98.66245494036487,1134.618231814196,376
565,565,80,0,5,2,centralheft,98.31346912883667,1130.6048949816218,376
566,566,80,0,5,0,centralheft,110.91872978739346,2029.8127551093003,376
567,567,80,0,5,0,centralheft,111.3966110720593,2038.5579826186852,376
568,568,80,0,5,0,centralheft,133.6364011795644,2445.546141586028,376
569,569,80,0,5,2,centralheft,97.85048338050962,1125.2805588758606,376
570,570,80,0,5,0,centralheft,3.6116905890562045,66.09393777972855,376
571,571,80,0,5,0,centralheft,4.08981233254508,74.84356568557496,376
572,572,80,0,5,2,centralheft,97.5114887041271,1121.3821200974617,376
573,573,80,0,5,2,centralheft,98.01344759674794,1127.1546473626013,376
574,574,80,0,5,2,centralheft,109.35464237071159,1257.5783872631832,376
575,575,80,0,5,0,centralheft,4.116755751353167,75.33663024976295,376
576,576,80,0,5,0,centralheft,4.54837287468574,83.23522360674906,376
577,577,80,0,5,0,centralheft,4.846778471569078,88.69604602971413,376
578,578,80,0,5,2,centralheft,82.12346002992459,944.4197903441327,376
579,579,80,0,5,0,centralheft,4.882177599322528,89.34385006760226,376
580,580,80,0,5,0,centralheft,5.150597348364787,94.25593147507561,376
581,581,80,0,5,0,centralheft,5.617039417042777,102.79182133188283,376
582,582,80,0,5,2,centralheft,122.9048108879373,1413.405325211279,376
583,583,80,0,5,0,centralheft,5.987911101647611,109.57877316015129,376
584,584,80,0,5,2,centralheft,124.43406706214257,1430.9917712146396,376
585,585,80,0,5,0,centralheft,13.7616529966498,251.83824983869135,376
586,586,80,0,5,2,centralheft,125.18125762516462,1439.5844626893931,376
587,587,80,0,5,2,centralheft,125.14385402704643,1439.154321311034,376
588,588,80,0,5,2,centralheft,134.66520517858643,1548.6498595537441,376
589,589,80,0,5,0,centralheft,13.914784392708823,254.64055438657147,376
590,590,80,0,5,2,centralheft,144.72499538313548,1664.337446906058,376
591,591,80,0,5,2,centralheft,145.39796427895914,1672.07658920803,376
592,592,80,0,5,0,centralheft,5.781023740621748,105.79273445337799,376
593,593,80,0,5,0,centralheft,6.234030403669825,114.08275638715781,376
594,594,80,0,5,0,centralheft,6.7445004367779475,123.42435799303644,376
595,595,80,0,5,2,centralheft,169.94310245290865,1954.3456782084495,376
596,596,80,0,5,0,centralheft,26.094683381519733,477.5327058818111,376
597,597,80,0,5,0,centralheft,29.71413822356898,543.7687294913123,376
598,598,80,0,5,2,centralheft,180.72899204254168,2078.383408489229,376
599,599,80,0,5,0,centralheft,30.56498359077494,559.3391997111814,376
600,600,80,0,5,2,centralheft,193.04787295287903,2220.050538958109,376
601,601,80,0,5,0,centralheft,6.576052214024328,120.34175551664521,376
602,602,80,0,5,2,centralheft,106.75552602629534,1227.6885493023965,376
603,603,80,0,5,2,centralheft,107.45878852466119,1235.7760680336037,376
604,604,80,0,5,0,centralheft,6.939269700601148,126.98863552100102,376
605,605,80,0,5,0,centralheft,7.134229039478435,130.55639142245536,376
606,606,80,0,5,2,centralheft,169.91994882096017,1954.0794114410419,376
607,607,80,0,5,0,centralheft,9.607505002434769,175.81734154455626,376
608,608,80,0,5,0,centralheft,7.369635873256933,134.86433648060188,376
609,609,80,0,5,2,centralheft,168.83599236724814,1941.6139122233537,376
610,610,80,0,5,0,centralheft,7.3250616125241335,134.04862750919165,376
611,611,80,0,5,0,centralheft,7.522178050736823,137.65585832848387,376
612,612,80,0,5,2,centralheft,168.9481689646074,1942.903943092985,376
613,613,80,0,5,0,centralheft,7.972994135680504,145.90579268295323,376
614,614,80,0,5,0,centralheft,8.223413865920833,150.48847374635125,376
615,615,80,0,5,0,centralheft,8.733103613586346,159.81579612863015,376
616,616,80,0,5,0,centralheft,8.925614417713973,163.33874384416572,376
617,617,80,0,5,2,centralheft,167.03723052225723,1920.9281510059582,376
618,618,80,0,5,2,centralheft,78.35497136258104,901.082170669682,376
619,619,80,0,5,2,centralheft,78.78804070105082,906.0624680620845,376
620,620,80,0,5,0,centralheft,35.13347824918262,642.942651960042,376
621,621,80,0,5,0,centralheft,37.39093458927309,684.2541029836975,376
622,622,80,0,5,0,centralheft,41.92077707250217,767.1502204267897,376
623,623,80,0,5,2,centralheft,123.4093078069105,1419.2070397794707,376
624,624,80,0,5,0,centralheft,44.02183269074797,805.5995382406879,376
625,625,80,0,5,0,centralheft,44.79867517460806,819.8157556953274,376
626,626,80,0,5,0,centralheft,45.83017697413151,838.6922386266067,376
627,627,80,0,5,2,centralheft,126.86074374893744,1458.8985531127805,376
628,628,80,0,5,2,centralheft,135.08378592621577,1553.4635381514813,376
629,629,80,0,5,0,centralheft,16.479518549114744,301.57518944879985,376
630,630,80,0,5,2,centralheft,65.49827006508009,753.230105748421,376
631,631,80,0,5,3,centralheft,33.06434015571943,1491.2017410229464,376
632,632,80,0,5,3,centralheft,50.13820549253111,2261.233067713153,376
633,633,80,0,5,0,centralheft,44.10253323172125,807.076358140499,376
634,634,80,0,5,0,centralheft,44.31063906542987,810.8846948973667,376
635,635,80,0,5,0,centralheft,44.80417359039134,819.9163767041616,376
636,636,80,0,5,0,centralheft,45.175603979999714,826.7135528339948,376
637,637,80,0,5,0,centralheft,35.20485453733827,644.2488380332904,376
638,638,80,0,5,2,centralheft,95.01164695361891,1092.6339399666174,376
639,639,80,0,5,2,centralheft,105.64506514274163,1214.9182491415288,376
640,640,80,0,5,0,centralheft,37.21294356122449,680.9968671704082,376
641,641,80,0,5,0,centralheft,37.96463398213472,694.7528018730654,376
642,642,80,0,5,0,centralheft,38.66440126284717,707.5585431101033,376
643,643,80,0,5,0,centralheft,39.12715168264102,716.0268757923307,376
644,644,80,0,5,0,centralheft,40.04765014136422,732.8719975869653,376
645,645,80,0,5,0,centralheft,41.06962199701101,751.5740825453015,376
646,646,80,0,5,2,centralheft,148.27258711492996,1705.1347518216946,376
647,647,80,0,5,2,centralheft,182.01650975629983,2093.189862197448,376
648,648,80,0,5,2,centralheft,195.69690849938144,2250.5144477428867,376
649,649,80,0,5,2,centralheft,200.0950903016015,2301.093538468417,376
650,650,80,0,5,0,centralheft,10.915166808443933,199.747552594524,376
651,651,80,0,5,2,centralheft,75.51969212737002,868.4764594647552,376
652,652,80,0,5,0,centralheft,11.108938556416248,203.29357558241736,376
653,653,80,0,5,0,centralheft,11.558838077189574,211.5267368125692,376
654,654,80,0,5,0,centralheft,11.832391485881676,216.53276419163467,376
655,655,80,0,5,0,centralheft,12.267172497448064,224.4892567032996,376
656,656,80,0,5,0,centralheft,12.748400732155874,233.2957333984525,376
657,657,80,0,5,0,centralheft,12.667537863718712,231.81594290605244,376
658,658,80,0,5,2,centralheft,75.59485480136387,869.3408302156845,376
659,659,80,0,5,0,centralheft,12.89570384699778,235.99138040005937,376
660,660,80,0,5,0,centralheft,15.081285152058902,275.9875182826779,376
661,661,80,0,5,2,centralheft,76.56676154053332,880.5177577161332,376
662,662,80,0,5,2,centralheft,105.76331104028377,1216.2780769632634,376
663,663,80,0,5,2,centralheft,108.20731763150337,1244.3841527622887,376
664,664,80,0,5,0,centralheft,17.16190469197211,314.0628558630897,376
665,665,80,0,5,0,centralheft,3.6376123243145684,66.56830553495661,376
666,666,80,0,5,2,centralheft,107.37914431713631,1234.8601596470676,376
667,667,80,0,5,2,centralheft,107.24425381904888,1233.308918919062,376
668,668,80,0,5,0,centralheft,3.6810145338925846,67.3625659702343,376
669,669,80,0,5,0,centralheft,3.7638970110093206,68.87931530147057,376
670,670,80,0,5,2,centralheft,106.3275097166835,1222.7663617418602,376
671,671,80,0,5,0,centralheft,3.946343644640658,72.21808869692404,376
672,672,80,0,5,2,centralheft,106.36503717293526,1223.1979274887556,376
673,673,80,0,5,2,centralheft,106.29012666186514,1222.3364566114492,376
674,674,80,0,5,0,centralheft,4.1540282643868744,76.0187172382798,376
675,675,80,0,5,2,centralheft,108.6698021757555,1249.7027250211884,376
676,676,80,0,5,2,centralheft,109.41986372587307,1258.3284328475404,376
677,677,80,0,5,0,centralheft,4.6309399250035534,84.74620062756503,376
678,678,80,0,5,0,centralheft,4.95656962300639,90.70522410101694,376
679,679,80,0,5,0,centralheft,5.213528777551818,95.40757662919827,376
680,680,80,0,5,2,centralheft,109.47021577065037,1258.9074813624793,376
681,681,80,0,5,0,centralheft,5.650457822084569,103.40337814414761,376
682,682,80,0,5,2,centralheft,109.85946032371926,1263.3837937227715,376
683,683,80,0,5,0,centralheft,5.957425853019633,109.0208931102593,376
684,684,80,0,5,2,centralheft,109.81043988141673,1262.8200586362923,376
685,685,80,0,5,2,centralheft,132.16047406152413,1519.8454517075274,376
686,686,80,0,5,0,centralheft,6.085456322763761,111.36385070657684,376
687,687,80,0,5,0,centralheft,6.330985367205017,115.85703221985182,376
688,688,80,0,5,0,centralheft,7.051098513773883,129.03510280206206,376
689,689,80,0,5,0,centralheft,7.551030849759923,138.1838645506066,376
690,690,80,0,5,0,centralheft,7.972328003741276,145.89360246846536,376
691,691,80,0,5,2,centralheft,169.9120510021147,1953.988586524319,376
692,692,80,0,5,2,centralheft,178.67934228233457,2054.8124362468475,376
693,693,80,0,5,2,centralheft,185.5702871539296,2134.0583022701903,376
694,694,80,0,5,0,centralheft,8.154953414910317,149.2356474928588,376
695,695,80,0,5,0,centralheft,7.726036566688524,141.3864691704,376
696,696,80,0,5,0,centralheft,8.602972362482047,157.43439423342147,376
697,697,80,0,5,0,centralheft,8.970337993599523,164.1571852828713,376
698,698,80,0,5,0,centralheft,9.575852556266923,175.2381017796847,376
699,699,80,0,5,0,centralheft,10.007768991055514,183.1421725363159,376
700,700,80,0,5,0,centralheft,9.703628442862867,177.57640050439045,376
701,701,80,0,5,0,centralheft,29.68421128294087,543.2210664778179,376
702,702,80,0,5,0,centralheft,30.89358504144086,565.3526062583678,376
703,703,80,0,5,2,centralheft,112.19311392717644,1290.220810162529,376
704,704,80,0,5,2,centralheft,138.86124947217638,1596.9043689300283,376
705,705,80,0,5,2,centralheft,146.34269864028508,1682.9410343632783,376
706,706,80,0,5,0,centralheft,31.143834016734974,569.93216250625,376
707,707,80,0,5,0,centralheft,31.483490202453613,576.1478707049012,376
708,708,80,0,5,0,centralheft,31.966073877558443,584.9791519593196,376
709,709,80,0,5,0,centralheft,32.33146848960102,591.6658733596987,376
710,710,80,0,5,0,centralheft,39.02521444387302,714.1614243228762,376
711,711,80,0,5,0,centralheft,39.52620814584201,723.3296090689089,376
712,712,80,0,5,2,centralheft,145.805314596018,1676.761117854207,376
713,713,80,0,5,0,centralheft,3.980236641488706,72.83833053924332,376
714,714,80,0,5,0,centralheft,4.496168721802661,82.2798876089887,376
715,715,80,0,5,0,centralheft,4.9947465299155835,91.40386149745518,376
716,716,80,0,5,3,centralheft,47.43422845971002,2139.283703532922,376
717,717,80,0,5,0,centralheft,5.335235915494819,97.63481725355518,376
718,718,80,0,5,3,centralheft,47.49799401236251,2142.1595299575492,376
719,719,80,0,5,2,centralheft,153.1718766438302,1761.476581404047,376
720,720,80,0,5,0,centralheft,5.529939709377559,101.19789668160934,376
721,721,80,0,5,0,centralheft,5.973346462715062,109.31224026768564,376
722,722,80,0,5,0,centralheft,7.867807408405524,143.9808755738211,376
723,723,80,0,5,2,centralheft,153.08794158352686,1760.511328210559,376
724,724,80,0,5,0,centralheft,10.307445125288305,188.626245792776,376
725,725,80,0,5,2,centralheft,154.97387965528284,1782.1996160357526,376
726,726,80,0,5,2,centralheft,157.28282796163737,1808.7525215588296,376
727,727,80,0,5,0,centralheft,12.351111129649478,226.02533367258548,376
728,728,80,0,5,2,centralheft,157.67638890250785,1813.2784723788402,376
729,729,80,0,5,2,centralheft,158.21048937333217,1819.42062779332,376
730,730,80,0,5,2,centralheft,168.86635261398493,1941.9630550608267,376
731,731,80,0,5,2,centralheft,171.68287935053942,1974.3531125312034,376
732,732,80,0,5,0,centralheft,17.568974284277864,321.5122294022849,376
733,733,80,0,5,2,centralheft,174.19685004448806,2003.2637755116127,376
734,734,80,0,5,2,centralheft,178.71731466437592,2055.249118640323,376
735,735,80,0,5,0,centralheft,19.894258829863,364.0649365864929,376
736,736,80,0,5,2,centralheft,182.11605330127372,2094.334612964648,376
737,737,80,0,5,0,centralheft,22.50889030055014,411.9126925000676,376
738,738,80,0,5,0,centralheft,24.818782393579745,454.18371780250936,376
739,739,80,0,5,0,centralheft,26.90410929181615,492.34520004023557,376
740,740,80,0,5,0,centralheft,29.294259477940408,536.0849484463095,376
741,741,80,0,5,0,centralheft,31.922060015831384,584.1736982897144,376
742,742,80,0,5,0,centralheft,34.519379281810856,631.7046408571387,376
743,743,80,0,5,0,centralheft,37.096577599247865,678.8673700662359,376
744,744,80,0,5,0,centralheft,39.50345652702616,722.9132544445788,376
745,745,80,0,5,0,centralheft,43.13362561429974,789.3453487416853,376
746,746,80,0,5,0,centralheft,45.22673678982041,827.6492832537135,376
747,747,80,0,5,0,centralheft,47.39883544016769,867.3986885550687,376
748,748,80,0,5,0,centralheft,73.97104846180031,1353.6701868509456,376
749,749,80,0,5,0,centralheft,74.46969945310241,1362.795499991774,376
750,750,80,0,5,0,centralheft,74.98031909339649,1372.139839409156,376
751,751,80,0,5,0,centralheft,75.41802981658259,1380.1499456434615,376
752,752,80,0,5,0,centralheft,75.76746825869367,1386.5446691340942,376
753,753,80,0,5,0,centralheft,75.93170241748659,1389.5501542400048,376
754,754,80,0,5,2,centralheft,99.25639906331716,1141.4485892281473,376
755,755,80,0,5,0,centralheft,76.29939542857747,1396.2789363429677,376
756,756,80,0,5,2,centralheft,131.3502475273653,1510.527846564701,376
757,757,80,0,5,0,centralheft,76.69183104318202,1403.460508090231,376
758,758,80,0,5,0,centralheft,76.97479504827692,1408.6387493834677,376
759,759,80,0,5,0,centralheft,78.25431026226687,1432.0538777994839,376
760,760,80,0,5,0,centralheft,78.62390078102261,1438.8173842927138,376
761,761,80,0,5,0,centralheft,79.05447239110863,1446.696844757288,376
762,762,80,0,5,0,centralheft,79.32842126489527,1451.7101091475836,376
763,763,80,0,5,0,centralheft,79.7829128225592,1460.0273046528334,376
764,764,80,0,5,0,centralheft,80.02923030883638,1464.5349146517058,376
765,765,80,0,5,0,centralheft,14.198803924249699,259.8381118137695,376
766,766,80,0,5,0,centralheft,21.501744814195796,393.4819300997831,376
767,767,80,0,5,0,centralheft,28.949223559900375,529.7707911461769,376
768,768,80,0,5,0,centralheft,29.419781675305387,538.3820046580886,376
769,769,80,0,5,0,centralheft,30.180527329304443,552.3036501262714,376
770,770,80,0,5,0,centralheft,45.057186245498166,824.5465082926164,376
771,771,80,0,5,2,centralheft,165.2704293927703,1900.6099380168585,376
772,772,80,0,5,2,centralheft,165.00766812226388,1897.5881834060347,376
773,773,80,0,5,0,centralheft,47.356833324539906,866.6300498390804,376
774,774,80,0,5,0,centralheft,64.10317752976862,1173.0881487947656,376
775,775,80,0,5,2,centralheft,164.89077527726485,1896.243915688546,376
776,776,80,0,5,0,centralheft,79.72665282309877,1458.9977466627076,376
777,777,80,0,5,0,centralheft,90.36390003285887,1653.6593706013173,376
778,778,80,0,5,2,centralheft,164.57203686620852,1892.578423961398,376
779,779,80,0,5,2,centralheft,164.32713373982347,1889.76203800797,376
780,780,80,0,5,2,centralheft,164.20297320200788,1888.3341918230906,376
781,781,80,0,5,0,centralheft,100.75156062358118,1843.7535594115357,376
782,782,80,0,5,0,centralheft,101.22055918365474,1852.3362330608818,376
783,783,80,0,5,2,centralheft,163.66974598159078,1882.2020787882939,376
784,784,80,0,5,2,centralheft,162.86166228999244,1872.909116334913,376
785,785,80,0,5,2,centralheft,162.83627920010983,1872.6172108012631,376
786,786,80,0,5,0,centralheft,76.4335237999867,1398.7334855397567,376
787,787,80,0,5,2,centralheft,99.98272601995825,1149.80134922952,376
788,788,80,0,5,2,centralheft,116.87383195427421,1344.0490674741534,376
789,789,80,0,5,0,centralheft,9.568596267628587,175.10531169760316,376
790,790,80,0,5,0,centralheft,10.563347739331167,193.30926362976038,376
791,791,80,0,5,0,centralheft,16.366988032993287,299.51588100377717,376
792,792,80,0,5,0,centralheft,21.436739383871075,392.29233072484067,376
793,793,80,0,5,2,centralheft,109.19440499198997,1255.7356574078847,376
794,794,80,0,5,2,centralheft,135.79078233967275,1561.5939969062365,376
795,795,80,0,5,0,centralheft,13.623496347738227,249.30998316360956,376
796,796,80,0,5,0,centralheft,14.25684748010136,260.9003088858549,376
797,797,80,0,5,0,centralheft,14.767541928807939,270.2460172971853,376
798,798,80,0,5,0,centralheft,14.933414741021284,273.2814897606895,376
799,799,80,0,5,0,centralheft,18.23321779257196,333.6678856040669,376
800,800,80,0,5,0,centralheft,19.381951518629563,354.689712790921,376
801,801,80,0,5,0,centralheft,19.766668638107323,361.73003607736405,376
802,802,80,0,5,0,centralheft,20.211802340639565,369.87598283370403,376
803,803,80,0,5,0,centralheft,16.964257971830904,310.44592088450554,376
804,804,80,0,5,0,centralheft,20.79020623790606,380.46077415368086,376
805,805,80,0,5,0,centralheft,21.13109301618058,386.69900219610463,376
806,806,80,0,5,0,centralheft,21.893958848184614,400.65944692177845,376
807,807,80,0,5,0,centralheft,22.257982583488747,407.3210812778441,376
808,808,80,0,5,0,centralheft,29.0081763056047,530.849626392566,376
809,809,80,0,5,0,centralheft,29.467881248032974,539.2622268390035,376
810,810,80,0,5,2,centralheft,155.54316449206365,1788.746391658732,376
811,811,80,0,5,0,centralheft,29.363214032167814,537.346816788671,376
812,812,80,0,5,0,centralheft,29.853121009929584,546.3121144817114,376
813,813,80,0,5,0,centralheft,30.190475504765814,552.4857017372144,376
814,814,80,0,5,0,centralheft,30.497932570848253,558.112166046523,376
815,815,80,0,5,0,centralheft,43.58534717946009,797.6118533841197,376
816,816,80,0,5,0,centralheft,88.15096684844077,1613.1626933264663,376
817,817,80,0,5,0,centralheft,33.30535622404963,609.4880189001083,376
818,818,80,0,5,0,centralheft,34.672880002244185,634.5137040410686,376
819,819,80,0,5,0,centralheft,36.8699089460047,674.7193337118861,376
820,820,80,0,5,0,centralheft,40.87971029444471,748.0986983883383,376
821,821,80,0,5,0,centralheft,10.839340666865201,198.3599342036332,376
822,822,80,0,5,0,centralheft,11.057574135934772,202.35360668760632,376
823,823,80,0,5,0,centralheft,11.033996468390548,201.92213537154703,376
824,824,80,0,5,0,centralheft,18.528756095571072,339.07623654895065,376
825,825,80,0,5,0,centralheft,18.977654502648768,347.29107739847245,376
826,826,80,0,5,0,centralheft,19.47712134397892,356.4313205948142,376
827,827,80,0,5,0,centralheft,20.31536934342549,371.7712589846865,376
828,828,80,0,5,0,centralheft,20.761763521653847,379.94027244626545,376
829,829,80,0,5,0,centralheft,21.068715791831824,385.5574989905224,376
830,830,80,0,5,0,centralheft,19.303323542494468,353.2508208276488,376
831,831,80,0,5,0,centralheft,20.205100407328533,369.75333745411217,376
832,832,80,0,5,0,centralheft,20.651162787734123,377.9162790155344,376
833,833,80,0,5,0,centralheft,21.03102996453343,384.8678483509618,376
834,834,80,0,5,0,centralheft,32.45219505776326,593.8751695570677,376
835,835,80,0,5,0,centralheft,32.961476377967735,603.1950177168096,376
836,836,80,0,5,0,centralheft,33.38192609380064,610.8892475165517,376
837,837,80,0,5,0,centralheft,33.87599067287922,619.9306293136897,376
838,838,80,0,5,0,centralheft,34.174735749719865,625.3976642198736,376
839,839,80,0,5,0,centralheft,34.49588103604625,631.2746229596464,376
840,840,80,0,5,0,centralheft,34.82738581393675,637.3411603950426,376
841,841,80,0,5,0,centralheft,34.82567403433886,637.3098348284011,376
842,842,80,0,5,0,centralheft,35.21413260847353,644.4186267350656,376
843,843,80,0,5,0,centralheft,40.331993838980964,738.0754872533516,376
844,844,80,0,5,0,centralheft,7.347010819281879,134.4502979928584,376
845,845,80,0,5,0,centralheft,8.220239964309004,150.43039134685478,376
846,846,80,0,5,0,centralheft,8.975484509461397,164.2513665231436,376
847,847,80,0,5,0,centralheft,48.87961582480108,894.4969695938598,376
848,848,80,0,5,0,centralheft,9.558826965586634,174.92653347023543,376
849,849,80,0,5,0,centralheft,10.034711634699962,183.6352229150093,376
850,850,80,0,5,0,centralheft,10.805714508345662,197.74457550272564,376
851,851,80,0,5,0,centralheft,16.708496551712418,305.7654868963373,376
852,852,80,0,5,0,centralheft,19.33693264458024,353.86586739581844,376
853,853,80,0,5,0,centralheft,11.537554126644029,211.13724051758572,376
854,854,80,0,5,0,centralheft,11.852103974764375,216.8935027381881,376
855,855,80,0,5,0,centralheft,12.689141083490767,232.21128182788107,376
856,856,80,0,5,0,centralheft,15.482494320879749,283.3296460720994,376
857,857,80,0,5,0,centralheft,17.647090563751203,322.941757316647,376
858,858,80,0,5,0,centralheft,23.481822980594124,429.71736054487246,376
859,859,80,0,5,0,centralheft,23.934847910627767,438.0077167644881,376
860,860,80,0,5,0,centralheft,24.45064167285487,447.44674261324417,376
861,861,80,0,5,0,centralheft,24.894352339015985,455.5666478039925,376
862,862,80,0,5,0,centralheft,26.321540757096287,481.6841958548621,376
863,863,80,0,5,0,centralheft,28.460495430205132,520.827066372754,376
864,864,80,0,5,0,centralheft,30.560177899899955,559.2512555681692,376
865,865,80,0,5,0,centralheft,32.405530459884744,593.0212074158908,376
866,866,80,0,5,0,centralheft,34.516036609238604,631.6434699490665,376
867,867,80,0,5,0,centralheft,36.65864761301167,670.8532513181135,376
868,868,80,0,5,0,centralheft,42.93905283212123,785.7846668278185,376
869,869,80,0,5,0,centralheft,45.563420474297565,833.8105946796454,376
870,870,80,0,5,0,centralheft,47.81098251613663,874.9409800453004,376
871,871,80,0,5,0,centralheft,50.07541355984979,916.3800681452512,376
872,872,80,0,5,0,centralheft,14.758761477368441,270.0853350358425,376
873,873,80,0,5,0,centralheft,18.09583687537282,331.15381481932263,376
874,874,80,0,5,0,centralheft,20.458526592978373,374.39103665150424,376
875,875,80,0,5,0,centralheft,22.71457670573544,415.6767537149585,376
876,876,80,0,5,0,centralheft,25.524027107442116,467.08969606619075,376
877,877,80,0,5,0,centralheft,26.748869822748023,489.50431775628886,376
878,878,80,0,5,0,centralheft,27.89835236583121,510.5398482947112,376
879,879,80,0,5,0,centralheft,13.581399604159552,248.53961275611982,376
880,880,80,0,5,0,centralheft,16.829156361683523,307.97356141880846,376
881,881,80,0,5,0,centralheft,18.93408894660165,346.49382772281024,376
882,882,80,0,5,0,centralheft,21.410267714948063,391.8078991835496,376
883,883,80,0,5,0,centralheft,8.162313241514312,149.3703323197119,376
884,884,80,0,5,0,centralheft,17.080434174495316,312.5719453932643,376
885,885,80,0,5,0,centralheft,17.405568149886456,318.52189714292217,376
886,886,80,0,5,0,centralheft,17.64835444636874,322.9648863685479,376
887,887,80,0,5,0,centralheft,17.99833408607738,329.3695137752161,376
888,888,80,0,5,0,centralheft,18.488922143533372,338.3472752266607,376
889,889,80,0,5,0,centralheft,19.38692234661496,354.7806789430538,376
890,890,80,0,5,0,centralheft,19.84369806758174,363.1396746367459,376
891,891,80,0,5,0,centralheft,20.141547271858347,368.59031507500777,376
892,892,80,0,5,0,centralheft,14.814716297327486,271.109308241093,376
893,893,80,0,5,0,centralheft,15.3324093749684,280.5830915619217,376
894,894,80,0,5,0,centralheft,17.711848427747736,324.12682622778357,376
895,895,80,0,5,0,centralheft,19.14006968732653,350.2632752780755,376
896,896,80,0,5,0,centralheft,14.262716065952484,261.00770400693045,376
897,897,80,0,5,0,centralheft,14.456849325855245,264.560342663151,376
898,898,80,0,5,0,centralheft,14.544052197956127,266.15615522259714,376
899,899,80,0,5,0,centralheft,21.348974477289808,390.6862329344035,376
900,900,80,0,5,0,centralheft,21.782180710588637,398.61390700377206,376
901,901,80,0,5,0,centralheft,27.975611043708252,511.953682099861,376
902,902,80,0,5,0,centralheft,28.295748794195905,517.8122029337851,376
903,903,80,0,5,0,centralheft,28.706190374706196,525.3232838571234,376
904,904,80,0,5,0,centralheft,28.861783023091515,528.1706293225748,376
905,905,80,0,5,0,centralheft,35.74200600820444,654.0787099501413,376
906,906,80,0,5,0,centralheft,35.84032496046042,655.8779467764257,376
907,907,80,0,5,0,centralheft,37.64448310065583,688.8940407420018,376
908,908,80,0,5,0,centralheft,38.40235952619361,702.7631793293431,376
909,909,80,0,5,0,centralheft,38.81021919720764,710.2270113088998,376
910,910,80,0,5,0,centralheft,9.217746265891941,168.68475666582253,376
911,911,80,0,5,0,centralheft,9.654862326492871,176.68398057481954,376
912,912,80,0,5,0,centralheft,10.020568059711842,183.37639549272672,376
913,913,80,0,5,0,centralheft,13.646874771648816,249.73780832117336,376
914,914,80,0,5,0,centralheft,15.482191007373215,283.32409543492986,376
915,915,80,0,5,0,centralheft,17.737918974019873,324.6039172245637,376
916,916,80,0,5,0,centralheft,18.069587166752974,330.6734451515795,376
917,917,80,0,5,0,centralheft,21.668248433090728,396.52894632556036,376
918,918,80,0,5,0,centralheft,23.927742720656706,437.8776917880177,376
919,919,80,0,5,0,centralheft,25.81333096469364,472.3839566538936,376
920,920,80,0,5,0,centralheft,28.36755328884805,519.1262251859193,376
921,921,80,0,5,0,centralheft,36.3766355764903,665.6924310497725,376
922,922,80,0,5,0,centralheft,24.874323935125442,455.20012801279563,376
923,923,80,0,5,0,centralheft,25.004211297530578,457.5770667448096,376
924,924,80,0,5,0,centralheft,26.597763090218574,486.73906455099996,376
925,925,80,0,5,0,centralheft,46.00726413663933,841.9329337004997,376
926,926,80,0,5,0,centralheft,46.69573783033818,854.5320022951887,376
927,927,80,0,5,0,centralheft,46.31115996709545,847.4942273978468,376
928,928,80,0,5,0,centralheft,49.23932589498499,901.0796638782253,376
929,929,80,0,5,0,centralheft,28.4409093512323,520.4686411275511,376
930,930,80,0,5,0,centralheft,28.360105763552486,518.9899354730105,376
931,931,80,0,5,0,centralheft,32.4683324875932,594.1704845229556,376
932,932,80,0,5,0,centralheft,36.480956636712975,667.6015064518474,376
933,933,80,0,5,0,centralheft,52.195017555374186,955.1688212633476,376
934,934,80,0,5,0,centralheft,19.24603499051875,352.20244032649316,376
935,935,80,0,5,0,centralheft,50.55876635099579,925.225424223223,376
936,936,80,0,5,0,centralheft,50.64774628454293,926.8537570071358,376
937,937,80,0,5,0,centralheft,28.45542746562685,520.7343226209714,376
938,938,80,0,5,0,centralheft,16.436120719504586,300.7810091669339,376
939,939,80,0,5,0,centralheft,17.165177935247602,314.12275621503113,376
940,940,80,0,5,0,centralheft,17.622646154833745,322.4944246334576,376
941,941,80,0,5,0,centralheft,22.504102855273256,411.8250822515006,376
942,942,80,0,5,0,centralheft,7.64761215467373,139.95130243052927,376
943,943,80,0,5,0,centralheft,23.328540400785652,426.9122893343774,376
944,944,80,0,5,0,centralheft,24.075219628836567,440.5765192077092,376
945,945,80,0,5,0,centralheft,41.44524622593995,758.4480059347011,376
946,946,80,0,5,0,centralheft,43.43788073154281,794.9132173872335,376
947,947,80,0,5,0,centralheft,43.907425049655764,803.5058784087005,376
948,948,80,0,5,0,centralheft,44.27416698098084,810.2172557519493,376
949,949,80,0,5,0,centralheft,44.744927706532025,818.8321770295361,376
950,950,80,0,5,0,centralheft,45.26058681332905,828.2687386839216,376
951,951,80,0,5,0,centralheft,45.55555253963672,833.666611475352,376
952,952,80,0,5,0,centralheft,34.759752701703995,636.1034744411832,376
953,953,80,0,5,0,centralheft,35.222175927344644,644.565819470407,376
954,954,80,0,5,0,centralheft,36.357012643537296,665.3333313767325,376
955,955,80,0,5,0,centralheft,22.347122816680237,408.95234754524836,376
956,956,80,0,5,0,centralheft,23.766229626489505,434.92200216475794,376
957,957,80,0,5,0,centralheft,24.461783938427164,447.6506460732171,376
958,958,80,0,5,0,centralheft,25.190440076661904,460.98505340291285,376
959,959,80,0,5,0,centralheft,25.592729458750405,468.34694909513246,376
960,960,80,0,5,0,centralheft,25.82412117308498,472.58141746745514,376
961,961,80,0,5,0,centralheft,27.349446352307947,500.49486824723544,376
962,962,80,0,5,0,centralheft,29.012020708269418,530.9199789613303,376
963,963,80,0,5,0,centralheft,29.474436023976864,539.3821792387766,376
964,964,80,0,5,0,centralheft,33.18041442533802,607.2015839836859,376
965,965,80,0,5,0,centralheft,43.36237536641974,793.5314692054812,376
966,966,80,0,5,0,centralheft,37.69267930707608,689.7760313194922,376
967,967,80,0,5,0,centralheft,37.9130127267696,693.8081328998837,376
968,968,80,0,5,0,centralheft,54.610829029920225,999.3781712475402,376
969,969,80,0,5,0,centralheft,34.45459445919791,630.5190786033218,376
970,970,80,0,5,0,centralheft,41.99248449050119,768.4624661761718,376
971,971,80,0,5,0,centralheft,3.6439171553298326,66.68368394253594,376
972,972,80,0,5,0,centralheft,3.7916135425355533,69.38652782840063,376
973,973,80,0,5,0,centralheft,4.064977848525625,74.38909462801894,376
974,974,80,0,5,0,centralheft,4.561627640786792,83.4777858263983,376
975,975,80,0,5,0,centralheft,17.519714702814063,320.6107790614974,376
976,976,80,0,5,2,centralheft,69.09587358347416,794.6025462099528,376
977,977,80,0,5,0,centralheft,23.06500381941398,422.0895698952759,376
978,978,80,0,5,0,centralheft,29.9471719525484,548.0332467316357,376
979,979,80,0,5,0,centralheft,30.68996706359159,561.6263972637262,376
980,980,80,0,5,2,centralheft,69.09587358347416,794.6025462099528,376
981,981,80,0,5,0,centralheft,31.196572345523613,570.8972739230821,376
982,982,80,0,5,0,centralheft,32.412692885506104,593.1522798047617,376
983,983,80,0,5,0,centralheft,33.03484734884383,604.5377064838422,376
984,984,80,0,5,0,centralheft,33.49267613604578,612.9159732896378,376
985,985,80,0,5,0,centralheft,22.112681557709575,404.6620725060852,376
986,986,80,0,5,0,centralheft,22.37272826702847,409.420927286621,376
987,987,80,0,5,0,centralheft,22.856753366201694,418.27858660149104,376
988,988,80,0,5,0,centralheft,22.739970820851493,416.14146602158235,376
989,989,80,0,5,0,centralheft,22.90219026386749,419.11008182877504,376
990,990,80,0,5,0,centralheft,23.11593533460367,423.02161662324716,376
991,991,80,0,5,0,centralheft,23.16283494273976,423.87987945213763,376
992,992,80,0,5,0,centralheft,36.765626132355585,672.8109582221073,376
993,993,80,0,5,0,centralheft,37.158003677991495,679.9914673072444,376
994,994,80,0,5,0,centralheft,33.564303802463506,614.2267595850822,376
995,995,80,0,5,0,centralheft,18.191276387892536,332.9003578984334,376
996,996,80,0,5,0,centralheft,20.79461061541711,380.5413742621331,376
997,997,80,0,5,0,centralheft,15.455385382840023,282.8335525059724,376
998,998,80,0,5,0,centralheft,17.79407353046482,325.63154560750627,376
999,999,80,0,5,0,centralheft,12.751780823519875,233.35758907041372,376
